"","var1","var2","value"
"1","NB_EMPT","NB_EMPT",1
"2","R_ATD","R_ATD",1
"3","DUREE","DUREE",1
"4","PRT_VAL","PRT_VAL",1
"5","AGE_D","AGE_D",1
"6","REV_BT","REV_BT",1
"7","REV_NET","REV_NET",1
"8","MNT_EPAR","MNT_EPAR",1
"9","NB_ER_6MS","NB_ER_6MS",1
"10","NB_ER_12MS","NB_ER_12MS",1
"11","NB_DEC_12MS","NB_DEC_12MS",1
"12","NB_OPER","NB_OPER",1
"13","NB_COUR","NB_COUR",1
"14","NB_INTR_1M","NB_INTR_1M",1
"15","NB_INTR_12M","NB_INTR_1M",1
"16","NB_INTR_1M","NB_INTR_12M",1
"17","NB_INTR_12M","NB_INTR_12M",1
"18","PIR_DEL","PIR_DEL",1
"19","NB_DEL_30","NB_DEL_30",1
"20","NB_DEL_60","NB_DEL_60",1
"21","NB_DEL_90","NB_DEL_90",1
"22","MNT_PASS","MNT_PASS",1
"23","MNT_ACT","MNT_ACT",1
"24","MNT_AUT_REN","MNT_AUT_REN",1
"25","MNT_UTIL_REN","MNT_UTIL_REN",1
"26","NB_SATI","NB_SATI",1
"27","MNT_DEMANDE","MNT_DEMANDE",1
"28","PROFIT_LOSS","PROFIT_LOSS",1
"29","NUM_NA","NUM_NA",1
"30","NUM_EMPTY_STRINGS","NUM_EMPTY_STRINGS",1
"31","NB_MISSING_VALUES","NB_MISSING_VALUES",1
"32","TAX","TAX",1
"33","TAX_RATE","TAX_RATE",1
"34","DEBT_ASSET_RATIO","DEBT_ASSET_RATIO",1
"35","DEBT_SAVINGS_RATIO","DEBT_SAVINGS_RATIO",1
"36","CREDIT_UTILIZATION","CREDIT_UTILIZATION",1
"37","LOAN_PER_BORROWER","LOAN_PER_BORROWER",1
"38","LTV_RATIO","LTV_RATIO",1
"39","SATI_TRANSACT_RATE","SATI_TRANSACT_RATE",1
"40","NB_ER_6MS_12MS","NB_ER_6MS_12MS",1
"41","DELTA_NB_ER_6MS_12MS","DELTA_NB_ER_6MS_12MS",1
"42","PROFIT_IND","PROFIT_IND",1
"43","REV_NET","REV_BT",1
"44","REV_BT","REV_NET",1
"45","LOAN_PER_BORROWER","MNT_DEMANDE",0.9
"46","MNT_DEMANDE","LOAN_PER_BORROWER",0.9
"47","NB_MISSING_VALUES","NUM_EMPTY_STRINGS",0.9
"48","NUM_EMPTY_STRINGS","NB_MISSING_VALUES",0.9
"49","PROFIT_IND","PROFIT_LOSS",0.8
"50","PROFIT_LOSS","PROFIT_IND",0.8
"51","NB_SATI","NB_OPER",0.8
"52","NB_OPER","NB_SATI",0.8
"53","TAX","REV_BT",0.8
"54","REV_BT","TAX",0.8
"55","NB_ER_6MS_12MS","NB_ER_12MS",0.8
"56","NB_ER_12MS","NB_ER_6MS_12MS",0.8
"57","NB_ER_12MS","NB_ER_6MS",0.8
"58","NB_ER_6MS","NB_ER_12MS",0.8
"59","MNT_UTIL_REN","MNT_AUT_REN",0.7
"60","MNT_AUT_REN","MNT_UTIL_REN",0.7
"61","NB_COUR","NB_OPER",0.6
"62","NB_OPER","NB_COUR",0.6
"63","DELTA_NB_ER_6MS_12MS","NB_ER_6MS",0.6
"64","NB_ER_6MS","DELTA_NB_ER_6MS_12MS",0.6
"65","TAX","REV_NET",0.6
"66","REV_NET","TAX",0.6
"67","MNT_ACT","MNT_PASS",0.6
"68","MNT_PASS","MNT_ACT",0.6
"69","NB_SATI","NB_COUR",0.5
"70","NB_COUR","NB_SATI",0.5
"71","TAX_RATE","TAX",0.5
"72","TAX","TAX_RATE",0.5
"73","SATI_TRANSACT_RATE","NB_SATI",0.5
"74","NB_SATI","SATI_TRANSACT_RATE",0.5
"75","CREDIT_UTILIZATION","MNT_UTIL_REN",0.5
"76","MNT_UTIL_REN","CREDIT_UTILIZATION",0.5
"77","NB_MISSING_VALUES","NUM_NA",0.4
"78","NUM_NA","NB_MISSING_VALUES",0.4
"79","MNT_ACT","MNT_EPAR",0.3
"80","MNT_EPAR","MNT_ACT",0.3
"81","REV_BT","AGE_D",0.3
"82","AGE_D","REV_BT",0.3
"83","REV_NET","AGE_D",0.3
"84","AGE_D","REV_NET",0.3
"85","MNT_EPAR","AGE_D",0.3
"86","AGE_D","MNT_EPAR",0.3
"87","PRT_VAL","R_ATD",0.3
"88","R_ATD","PRT_VAL",0.3
"89","TAX","AGE_D",0.3
"90","AGE_D","TAX",0.3
"91","DUREE","R_ATD",0.2
"92","R_ATD","DUREE",0.2
"93","NB_DEC_12MS","NB_ER_12MS",0.2
"94","NB_ER_12MS","NB_DEC_12MS",0.2
"95","NB_DEC_12MS","NB_ER_6MS",0.2
"96","NB_ER_6MS","NB_DEC_12MS",0.2
"97","MNT_EPAR","REV_BT",0.2
"98","REV_BT","MNT_EPAR",0.2
"99","MNT_EPAR","REV_NET",0.2
"100","REV_NET","MNT_EPAR",0.2
"101","CREDIT_UTILIZATION","NB_COUR",0.2
"102","NB_COUR","CREDIT_UTILIZATION",0.2
"103","NB_ER_6MS_12MS","NB_ER_6MS",0.2
"104","NB_ER_6MS","NB_ER_6MS_12MS",0.2
"105","TAX","MNT_EPAR",0.2
"106","MNT_EPAR","TAX",0.2
"107","NB_DEL_60","NB_DEL_30",0.1
"108","NB_DEL_30","NB_DEL_60",0.1
"109","MNT_ACT","REV_BT",0.1
"110","REV_BT","MNT_ACT",0.1
"111","MNT_ACT","AGE_D",0.1
"112","AGE_D","MNT_ACT",0.1
"113","MNT_ACT","REV_NET",0.1
"114","REV_NET","MNT_ACT",0.1
"115","NB_DEL_90","NB_DEL_60",0.1
"116","NB_DEL_60","NB_DEL_90",0.1
"117","NB_DEL_30","PIR_DEL",0.1
"118","PIR_DEL","NB_DEL_30",0.1
"119","NB_DEL_90","NB_DEL_30",0.1
"120","NB_DEL_30","NB_DEL_90",0.1
"121","MNT_AUT_REN","NB_COUR",0.1
"122","NB_COUR","MNT_AUT_REN",0.1
"123","NB_ER_6MS_12MS","NB_DEC_12MS",0.1
"124","NB_DEC_12MS","NB_ER_6MS_12MS",0.1
"125","TAX","MNT_ACT",0.1
"126","MNT_ACT","TAX",0.1
"127","PIR_DEL","NB_DEC_12MS",0.1
"128","NB_DEC_12MS","PIR_DEL",0.1
"129","NB_DEL_90","PIR_DEL",0.1
"130","PIR_DEL","NB_DEL_90",0.1
"131","NB_DEL_60","PIR_DEL",0.1
"132","PIR_DEL","NB_DEL_60",0.1
"133","PIR_DEL","NB_ER_12MS",0.1
"134","NB_ER_12MS","PIR_DEL",0.1
"135","PRT_VAL","DUREE",0.1
"136","DUREE","PRT_VAL",0.1
"137","PIR_DEL","NB_ER_6MS",0.1
"138","NB_ER_6MS","PIR_DEL",0.1
"139","CREDIT_UTILIZATION","NB_OPER",0.1
"140","NB_OPER","CREDIT_UTILIZATION",0.1
"141","MNT_UTIL_REN","NB_COUR",0.1
"142","NB_COUR","MNT_UTIL_REN",0.1
"143","NB_DEL_30","NB_DEC_12MS",0.1
"144","NB_DEC_12MS","NB_DEL_30",0.1
"145","R_ATD","NB_EMPT",0.1
"146","NB_EMPT","R_ATD",0.1
"147","CREDIT_UTILIZATION","MNT_AUT_REN",0.1
"148","MNT_AUT_REN","CREDIT_UTILIZATION",0.1
"149","DELTA_NB_ER_6MS_12MS","NB_DEC_12MS",0.1
"150","NB_DEC_12MS","DELTA_NB_ER_6MS_12MS",0.1
"151","PROFIT_IND","AGE_D",0.1
"152","AGE_D","PROFIT_IND",0.1
"153","PIR_DEL","NB_COUR",0.1
"154","NB_COUR","PIR_DEL",0.1
"155","PROFIT_IND","REV_BT",0.1
"156","REV_BT","PROFIT_IND",0.1
"157","NB_DEL_60","NB_DEC_12MS",0.1
"158","NB_DEC_12MS","NB_DEL_60",0.1
"159","PROFIT_IND","MNT_ACT",0.1
"160","MNT_ACT","PROFIT_IND",0.1
"161","PROFIT_IND","REV_NET",0.1
"162","REV_NET","PROFIT_IND",0.1
"163","SATI_TRANSACT_RATE","AGE_D",0.1
"164","AGE_D","SATI_TRANSACT_RATE",0.1
"165","LOAN_PER_BORROWER","AGE_D",0.1
"166","AGE_D","LOAN_PER_BORROWER",0.1
"167","PROFIT_LOSS","AGE_D",0.1
"168","AGE_D","PROFIT_LOSS",0.1
"169","PROFIT_LOSS","MNT_ACT",0.1
"170","MNT_ACT","PROFIT_LOSS",0.1
"171","NB_DEL_30","NB_ER_12MS",0.1
"172","NB_ER_12MS","NB_DEL_30",0.1
"173","NB_DEL_90","NB_DEC_12MS",0.1
"174","NB_DEC_12MS","NB_DEL_90",0.1
"175","NB_DEL_30","NB_ER_6MS",0.1
"176","NB_ER_6MS","NB_DEL_30",0.1
"177","NB_ER_6MS_12MS","PIR_DEL",0.1
"178","PIR_DEL","NB_ER_6MS_12MS",0.1
"179","NUM_EMPTY_STRINGS","DUREE",0.1
"180","DUREE","NUM_EMPTY_STRINGS",0.1
"181","NB_DEL_60","NB_ER_6MS",0.1
"182","NB_ER_6MS","NB_DEL_60",0.1
"183","CREDIT_UTILIZATION","NB_SATI",0.1
"184","NB_SATI","CREDIT_UTILIZATION",0.1
"185","PIR_DEL","NB_OPER",0.1
"186","NB_OPER","PIR_DEL",0.1
"187","PROFIT_LOSS","REV_BT",0.1
"188","REV_BT","PROFIT_LOSS",0.1
"189","NB_DEL_60","NB_ER_12MS",0.1
"190","NB_ER_12MS","NB_DEL_60",0.1
"191","NB_DEL_90","NB_ER_6MS",0.1
"192","NB_ER_6MS","NB_DEL_90",0.1
"193","PROFIT_LOSS","REV_NET",0.1
"194","REV_NET","PROFIT_LOSS",0.1
"195","CREDIT_UTILIZATION","PIR_DEL",0.1
"196","PIR_DEL","CREDIT_UTILIZATION",0.1
"197","PROFIT_IND","TAX",0.1
"198","TAX","PROFIT_IND",0.1
"199","NB_MISSING_VALUES","DUREE",0.1
"200","DUREE","NB_MISSING_VALUES",0.1
"201","NB_DEL_90","NB_ER_12MS",0.1
"202","NB_ER_12MS","NB_DEL_90",0.1
"203","NUM_EMPTY_STRINGS","NB_OPER",0
"204","NB_OPER","NUM_EMPTY_STRINGS",0
"205","NB_OPER","DUREE",0
"206","DUREE","NB_OPER",0
"207","MNT_AUT_REN","NB_OPER",0
"208","NB_OPER","MNT_AUT_REN",0
"209","NB_OPER","R_ATD",0
"210","R_ATD","NB_OPER",0
"211","CREDIT_UTILIZATION","NB_DEL_30",0
"212","NB_DEL_30","CREDIT_UTILIZATION",0
"213","LOAN_PER_BORROWER","MNT_EPAR",0
"214","MNT_EPAR","LOAN_PER_BORROWER",0
"215","NB_MISSING_VALUES","NB_OPER",0
"216","NB_OPER","NB_MISSING_VALUES",0
"217","PROFIT_IND","SATI_TRANSACT_RATE",0
"218","SATI_TRANSACT_RATE","PROFIT_IND",0
"219","TAX","PROFIT_LOSS",0
"220","PROFIT_LOSS","TAX",0
"221","NB_SATI","MNT_AUT_REN",0
"222","MNT_AUT_REN","NB_SATI",0
"223","MNT_UTIL_REN","NB_OPER",0
"224","NB_OPER","MNT_UTIL_REN",0
"225","NUM_EMPTY_STRINGS","R_ATD",0
"226","R_ATD","NUM_EMPTY_STRINGS",0
"227","NB_COUR","DUREE",0
"228","DUREE","NB_COUR",0
"229","NB_COUR","R_ATD",0
"230","R_ATD","NB_COUR",0
"231","NUM_EMPTY_STRINGS","NB_SATI",0
"232","NB_SATI","NUM_EMPTY_STRINGS",0
"233","PROFIT_IND","MNT_EPAR",0
"234","MNT_EPAR","PROFIT_IND",0
"235","NB_OPER","PRT_VAL",0
"236","PRT_VAL","NB_OPER",0
"237","NB_MISSING_VALUES","R_ATD",0
"238","R_ATD","NB_MISSING_VALUES",0
"239","SATI_TRANSACT_RATE","PROFIT_LOSS",0
"240","PROFIT_LOSS","SATI_TRANSACT_RATE",0
"241","NB_DEL_90","NB_OPER",0
"242","NB_OPER","NB_DEL_90",0
"243","NB_MISSING_VALUES","NB_SATI",0
"244","NB_SATI","NB_MISSING_VALUES",0
"245","NB_SATI","DUREE",0
"246","DUREE","NB_SATI",0
"247","NB_COUR","NB_DEC_12MS",0
"248","NB_DEC_12MS","NB_COUR",0
"249","CREDIT_UTILIZATION","NB_DEL_60",0
"250","NB_DEL_60","CREDIT_UTILIZATION",0
"251","CREDIT_UTILIZATION","NB_DEL_90",0
"252","NB_DEL_90","CREDIT_UTILIZATION",0
"253","NB_DEL_60","NB_OPER",0
"254","NB_OPER","NB_DEL_60",0
"255","CREDIT_UTILIZATION","NB_EMPT",0
"256","NB_EMPT","CREDIT_UTILIZATION",0
"257","PROFIT_LOSS","MNT_EPAR",0
"258","MNT_EPAR","PROFIT_LOSS",0
"259","LOAN_PER_BORROWER","REV_BT",0
"260","REV_BT","LOAN_PER_BORROWER",0
"261","LOAN_PER_BORROWER","REV_NET",0
"262","REV_NET","LOAN_PER_BORROWER",0
"263","NB_DEL_30","NB_OPER",0
"264","NB_OPER","NB_DEL_30",0
"265","NB_ER_6MS_12MS","NB_DEL_30",0
"266","NB_DEL_30","NB_ER_6MS_12MS",0
"267","NB_COUR","PRT_VAL",0
"268","PRT_VAL","NB_COUR",0
"269","NB_DEL_60","NB_COUR",0
"270","NB_COUR","NB_DEL_60",0
"271","NB_DEL_90","NB_COUR",0
"272","NB_COUR","NB_DEL_90",0
"273","NB_OPER","NB_DEC_12MS",0
"274","NB_DEC_12MS","NB_OPER",0
"275","NB_COUR","NB_ER_6MS",0
"276","NB_ER_6MS","NB_COUR",0
"277","CREDIT_UTILIZATION","NB_ER_12MS",0
"278","NB_ER_12MS","CREDIT_UTILIZATION",0
"279","NB_DEL_30","NB_COUR",0
"280","NB_COUR","NB_DEL_30",0
"281","DELTA_NB_ER_6MS_12MS","PIR_DEL",0
"282","PIR_DEL","DELTA_NB_ER_6MS_12MS",0
"283","CREDIT_UTILIZATION","R_ATD",0
"284","R_ATD","CREDIT_UTILIZATION",0
"285","LOAN_PER_BORROWER","MNT_ACT",0
"286","MNT_ACT","LOAN_PER_BORROWER",0
"287","NB_SATI","R_ATD",0
"288","R_ATD","NB_SATI",0
"289","NB_OPER","NB_ER_12MS",0
"290","NB_ER_12MS","NB_OPER",0
"291","NUM_EMPTY_STRINGS","NB_COUR",0
"292","NB_COUR","NUM_EMPTY_STRINGS",0
"293","NB_SATI","PRT_VAL",0
"294","PRT_VAL","NB_SATI",0
"295","NUM_EMPTY_STRINGS","PRT_VAL",0
"296","PRT_VAL","NUM_EMPTY_STRINGS",0
"297","NB_OPER","NB_ER_6MS",0
"298","NB_ER_6MS","NB_OPER",0
"299","PROFIT_LOSS","MNT_DEMANDE",0
"300","MNT_DEMANDE","PROFIT_LOSS",0
"301","NB_COUR","NB_ER_12MS",0
"302","NB_ER_12MS","NB_COUR",0
"303","NB_ER_6MS_12MS","NB_DEL_60",0
"304","NB_DEL_60","NB_ER_6MS_12MS",0
"305","NB_ER_6MS_12MS","NB_DEL_90",0
"306","NB_DEL_90","NB_ER_6MS_12MS",0
"307","LOAN_PER_BORROWER","TAX",0
"308","TAX","LOAN_PER_BORROWER",0
"309","NB_MISSING_VALUES","PRT_VAL",0
"310","PRT_VAL","NB_MISSING_VALUES",0
"311","NUM_EMPTY_STRINGS","NB_EMPT",0
"312","NB_EMPT","NUM_EMPTY_STRINGS",0
"313","NB_SATI","MNT_UTIL_REN",0
"314","MNT_UTIL_REN","NB_SATI",0
"315","NB_MISSING_VALUES","NB_COUR",0
"316","NB_COUR","NB_MISSING_VALUES",0
"317","NB_ER_6MS_12MS","CREDIT_UTILIZATION",0
"318","CREDIT_UTILIZATION","NB_ER_6MS_12MS",0
"319","LOAN_PER_BORROWER","PROFIT_LOSS",0
"320","PROFIT_LOSS","LOAN_PER_BORROWER",0
"321","SATI_TRANSACT_RATE","LOAN_PER_BORROWER",0
"322","LOAN_PER_BORROWER","SATI_TRANSACT_RATE",0
"323","MNT_PASS","MNT_EPAR",0
"324","MNT_EPAR","MNT_PASS",0
"325","MNT_UTIL_REN","NB_DEL_30",0
"326","NB_DEL_30","MNT_UTIL_REN",0
"327","NB_INTR_1M","NB_OPER",0
"328","NB_INTR_12M","NB_OPER",0
"329","NB_OPER","NB_INTR_1M",0
"330","NB_OPER","NB_INTR_12M",0
"331","MNT_UTIL_REN","PIR_DEL",0
"332","PIR_DEL","MNT_UTIL_REN",0
"333","NB_SATI","NB_DEC_12MS",0
"334","NB_DEC_12MS","NB_SATI",0
"335","NB_MISSING_VALUES","NB_EMPT",0
"336","NB_EMPT","NB_MISSING_VALUES",0
"337","DELTA_NB_ER_6MS_12MS","NB_DEL_60",0
"338","NB_DEL_60","DELTA_NB_ER_6MS_12MS",0
"339","SATI_TRANSACT_RATE","REV_BT",0
"340","REV_BT","SATI_TRANSACT_RATE",0
"341","SATI_TRANSACT_RATE","MNT_ACT",0
"342","MNT_ACT","SATI_TRANSACT_RATE",0
"343","NB_OPER","NB_EMPT",0
"344","NB_EMPT","NB_OPER",0
"345","NB_INTR_1M","NB_COUR",0
"346","NB_INTR_12M","NB_COUR",0
"347","NB_COUR","NB_INTR_1M",0
"348","NB_COUR","NB_INTR_12M",0
"349","CREDIT_UTILIZATION","NB_ER_6MS",0
"350","NB_ER_6MS","CREDIT_UTILIZATION",0
"351","SATI_TRANSACT_RATE","REV_NET",0
"352","REV_NET","SATI_TRANSACT_RATE",0
"353","PROFIT_LOSS","MNT_PASS",0
"354","MNT_PASS","PROFIT_LOSS",0
"355","DELTA_NB_ER_6MS_12MS","NB_DEL_90",0
"356","NB_DEL_90","DELTA_NB_ER_6MS_12MS",0
"357","PROFIT_IND","MNT_PASS",0
"358","MNT_PASS","PROFIT_IND",0
"359","DELTA_NB_ER_6MS_12MS","NB_DEL_30",0
"360","NB_DEL_30","DELTA_NB_ER_6MS_12MS",0
"361","NB_ER_12MS","DUREE",0
"362","DUREE","NB_ER_12MS",0
"363","MNT_PASS","REV_BT",0
"364","REV_BT","MNT_PASS",0
"365","SATI_TRANSACT_RATE","MNT_AUT_REN",0
"366","MNT_AUT_REN","SATI_TRANSACT_RATE",0
"367","SATI_TRANSACT_RATE","TAX",0
"368","TAX","SATI_TRANSACT_RATE",0
"369","NB_SATI","NB_ER_6MS",0
"370","NB_ER_6MS","NB_SATI",0
"371","CREDIT_UTILIZATION","NB_DEC_12MS",0
"372","NB_DEC_12MS","CREDIT_UTILIZATION",0
"373","MNT_PASS","REV_NET",0
"374","REV_NET","MNT_PASS",0
"375","CREDIT_UTILIZATION","NUM_EMPTY_STRINGS",0
"376","NUM_EMPTY_STRINGS","CREDIT_UTILIZATION",0
"377","NB_SATI","PIR_DEL",0
"378","PIR_DEL","NB_SATI",0
"379","NB_COUR","NB_EMPT",0
"380","NB_EMPT","NB_COUR",0
"381","NB_ER_6MS_12MS","DUREE",0
"382","DUREE","NB_ER_6MS_12MS",0
"383","MNT_UTIL_REN","NB_DEL_60",0
"384","NB_DEL_60","MNT_UTIL_REN",0
"385","MNT_UTIL_REN","NB_EMPT",0
"386","NB_EMPT","MNT_UTIL_REN",0
"387","CREDIT_UTILIZATION","NB_MISSING_VALUES",0
"388","NB_MISSING_VALUES","CREDIT_UTILIZATION",0
"389","NB_SATI","NB_INTR_1M",0
"390","NB_SATI","NB_INTR_12M",0
"391","NB_INTR_1M","NB_SATI",0
"392","NB_INTR_12M","NB_SATI",0
"393","DUREE","NB_EMPT",0
"394","NB_EMPT","DUREE",0
"395","TAX","MNT_PASS",0
"396","MNT_PASS","TAX",0
"397","MNT_PASS","AGE_D",0
"398","AGE_D","MNT_PASS",0
"399","SATI_TRANSACT_RATE","MNT_EPAR",0
"400","MNT_EPAR","SATI_TRANSACT_RATE",0
"401","NB_ER_6MS_12MS","NB_OPER",0
"402","NB_OPER","NB_ER_6MS_12MS",0
"403","DELTA_NB_ER_6MS_12MS","NB_COUR",0
"404","NB_COUR","DELTA_NB_ER_6MS_12MS",0
"405","MNT_UTIL_REN","NB_DEL_90",0
"406","NB_DEL_90","MNT_UTIL_REN",0
"407","NB_SATI","NB_ER_12MS",0
"408","NB_ER_12MS","NB_SATI",0
"409","MNT_UTIL_REN","NB_ER_12MS",0
"410","NB_ER_12MS","MNT_UTIL_REN",0
"411","NB_ER_12MS","R_ATD",0
"412","R_ATD","NB_ER_12MS",0
"413","NB_INTR_1M","R_ATD",0
"414","NB_INTR_12M","R_ATD",0
"415","R_ATD","NB_INTR_1M",0
"416","R_ATD","NB_INTR_12M",0
"417","NB_INTR_1M","DUREE",0
"418","NB_INTR_12M","DUREE",0
"419","DUREE","NB_INTR_1M",0
"420","DUREE","NB_INTR_12M",0
"421","MNT_UTIL_REN","R_ATD",0
"422","R_ATD","MNT_UTIL_REN",0
"423","CREDIT_UTILIZATION","DUREE",0
"424","DUREE","CREDIT_UTILIZATION",0
"425","NUM_EMPTY_STRINGS","NB_ER_12MS",0
"426","NB_ER_12MS","NUM_EMPTY_STRINGS",0
"427","NB_ER_6MS","DUREE",0
"428","DUREE","NB_ER_6MS",0
"429","NB_ER_6MS","R_ATD",0
"430","R_ATD","NB_ER_6MS",0
"431","NB_MISSING_VALUES","NB_ER_12MS",0
"432","NB_ER_12MS","NB_MISSING_VALUES",0
"433","CREDIT_UTILIZATION","PRT_VAL",0
"434","PRT_VAL","CREDIT_UTILIZATION",0
"435","NB_SATI","NB_DEL_90",0
"436","NB_DEL_90","NB_SATI",0
"437","NB_MISSING_VALUES","NB_INTR_1M",0
"438","NB_MISSING_VALUES","NB_INTR_12M",0
"439","NB_INTR_1M","NB_MISSING_VALUES",0
"440","NB_INTR_12M","NB_MISSING_VALUES",0
"441","NUM_EMPTY_STRINGS","NB_INTR_1M",0
"442","NUM_EMPTY_STRINGS","NB_INTR_12M",0
"443","NB_INTR_1M","NUM_EMPTY_STRINGS",0
"444","NB_INTR_12M","NUM_EMPTY_STRINGS",0
"445","NB_ER_6MS_12MS","NUM_EMPTY_STRINGS",0
"446","NUM_EMPTY_STRINGS","NB_ER_6MS_12MS",0
"447","NB_ER_6MS_12MS","NB_MISSING_VALUES",0
"448","NB_MISSING_VALUES","NB_ER_6MS_12MS",0
"449","MNT_UTIL_REN","NB_ER_6MS",0
"450","NB_ER_6MS","MNT_UTIL_REN",0
"451","MNT_AUT_REN","PIR_DEL",0
"452","PIR_DEL","MNT_AUT_REN",0
"453","NB_ER_6MS_12MS","MNT_UTIL_REN",0
"454","MNT_UTIL_REN","NB_ER_6MS_12MS",0
"455","NB_SATI","NB_DEL_60",0
"456","NB_DEL_60","NB_SATI",0
"457","DELTA_NB_ER_6MS_12MS","NB_SATI",0
"458","NB_SATI","DELTA_NB_ER_6MS_12MS",0
"459","NB_INTR_1M","PRT_VAL",0
"460","NB_INTR_12M","PRT_VAL",0
"461","PRT_VAL","NB_INTR_1M",0
"462","PRT_VAL","NB_INTR_12M",0
"463","NB_ER_6MS_12MS","NB_COUR",0
"464","NB_COUR","NB_ER_6MS_12MS",0
"465","NB_ER_6MS","PRT_VAL",0
"466","PRT_VAL","NB_ER_6MS",0
"467","NB_INTR_1M","NB_ER_12MS",0
"468","NB_INTR_12M","NB_ER_12MS",0
"469","NB_ER_12MS","NB_INTR_1M",0
"470","NB_ER_12MS","NB_INTR_12M",0
"471","NB_ER_12MS","PRT_VAL",0
"472","PRT_VAL","NB_ER_12MS",0
"473","NB_ER_6MS_12MS","R_ATD",0
"474","R_ATD","NB_ER_6MS_12MS",0
"475","DELTA_NB_ER_6MS_12MS","NB_OPER",0
"476","NB_OPER","DELTA_NB_ER_6MS_12MS",0
"477","NB_DEC_12MS","DUREE",0
"478","DUREE","NB_DEC_12MS",0
"479","NUM_EMPTY_STRINGS","NB_ER_6MS",0
"480","NB_ER_6MS","NUM_EMPTY_STRINGS",0
"481","NB_DEL_30","DUREE",0
"482","DUREE","NB_DEL_30",0
"483","NB_INTR_1M","NB_DEC_12MS",0
"484","NB_INTR_12M","NB_DEC_12MS",0
"485","NB_DEC_12MS","NB_INTR_1M",0
"486","NB_DEC_12MS","NB_INTR_12M",0
"487","PIR_DEL","NB_INTR_1M",0
"488","PIR_DEL","NB_INTR_12M",0
"489","NB_INTR_1M","PIR_DEL",0
"490","NB_INTR_12M","PIR_DEL",0
"491","NB_DEC_12MS","R_ATD",0
"492","R_ATD","NB_DEC_12MS",0
"493","NB_ER_6MS_12MS","NB_INTR_1M",0
"494","NB_ER_6MS_12MS","NB_INTR_12M",0
"495","NB_INTR_1M","NB_ER_6MS_12MS",0
"496","NB_INTR_12M","NB_ER_6MS_12MS",0
"497","MNT_UTIL_REN","NB_DEC_12MS",0
"498","NB_DEC_12MS","MNT_UTIL_REN",0
"499","NUM_EMPTY_STRINGS","MNT_UTIL_REN",0
"500","MNT_UTIL_REN","NUM_EMPTY_STRINGS",0
"501","NB_MISSING_VALUES","NB_ER_6MS",0
"502","NB_ER_6MS","NB_MISSING_VALUES",0
"503","PIR_DEL","R_ATD",0
"504","R_ATD","PIR_DEL",0
"505","NB_DEL_30","R_ATD",0
"506","R_ATD","NB_DEL_30",0
"507","NUM_EMPTY_STRINGS","PIR_DEL",0
"508","PIR_DEL","NUM_EMPTY_STRINGS",0
"509","NB_INTR_1M","NB_ER_6MS",0
"510","NB_INTR_12M","NB_ER_6MS",0
"511","NB_ER_6MS","NB_INTR_1M",0
"512","NB_ER_6MS","NB_INTR_12M",0
"513","NB_DEL_60","DUREE",0
"514","DUREE","NB_DEL_60",0
"515","PRT_VAL","NB_EMPT",0
"516","NB_EMPT","PRT_VAL",0
"517","NB_DEL_90","NB_INTR_1M",0
"518","NB_DEL_90","NB_INTR_12M",0
"519","NB_INTR_1M","NB_DEL_90",0
"520","NB_INTR_12M","NB_DEL_90",0
"521","NB_DEL_90","R_ATD",0
"522","R_ATD","NB_DEL_90",0
"523","TAX_RATE","R_ATD",0
"524","R_ATD","TAX_RATE",0
"525","PIR_DEL","DUREE",0
"526","DUREE","PIR_DEL",0
"527","LOAN_PER_BORROWER","NB_SATI",0
"528","NB_SATI","LOAN_PER_BORROWER",0
"529","MNT_UTIL_REN","DUREE",0
"530","DUREE","MNT_UTIL_REN",0
"531","NB_MISSING_VALUES","PIR_DEL",0
"532","PIR_DEL","NB_MISSING_VALUES",0
"533","NB_INTR_1M","NB_EMPT",0
"534","NB_INTR_12M","NB_EMPT",0
"535","NB_EMPT","NB_INTR_1M",0
"536","NB_EMPT","NB_INTR_12M",0
"537","NB_DEL_90","DUREE",0
"538","DUREE","NB_DEL_90",0
"539","PIR_DEL","PRT_VAL",0
"540","PRT_VAL","PIR_DEL",0
"541","NB_MISSING_VALUES","MNT_UTIL_REN",0
"542","MNT_UTIL_REN","NB_MISSING_VALUES",0
"543","PROFIT_IND","NB_SATI",0
"544","NB_SATI","PROFIT_IND",0
"545","TAX_RATE","NUM_EMPTY_STRINGS",0
"546","NUM_EMPTY_STRINGS","TAX_RATE",0
"547","NB_DEL_60","R_ATD",0
"548","R_ATD","NB_DEL_60",0
"549","NB_DEL_60","PRT_VAL",0
"550","PRT_VAL","NB_DEL_60",0
"551","PROFIT_LOSS","NB_SATI",0
"552","NB_SATI","PROFIT_LOSS",0
"553","NUM_EMPTY_STRINGS","NB_DEL_30",0
"554","NB_DEL_30","NUM_EMPTY_STRINGS",0
"555","MNT_UTIL_REN","PRT_VAL",0
"556","PRT_VAL","MNT_UTIL_REN",0
"557","NB_ER_12MS","NB_EMPT",0
"558","NB_EMPT","NB_ER_12MS",0
"559","NB_DEC_12MS","PRT_VAL",0
"560","PRT_VAL","NB_DEC_12MS",0
"561","NB_DEL_30","PRT_VAL",0
"562","PRT_VAL","NB_DEL_30",0
"563","NB_MISSING_VALUES","NB_DEL_30",0
"564","NB_DEL_30","NB_MISSING_VALUES",0
"565","TAX_RATE","NB_MISSING_VALUES",0
"566","NB_MISSING_VALUES","TAX_RATE",0
"567","NB_ER_6MS","NB_EMPT",0
"568","NB_EMPT","NB_ER_6MS",0
"569","NUM_EMPTY_STRINGS","NB_DEL_60",0
"570","NB_DEL_60","NUM_EMPTY_STRINGS",0
"571","NB_ER_6MS_12MS","PRT_VAL",0
"572","PRT_VAL","NB_ER_6MS_12MS",0
"573","NB_ER_6MS_12MS","NB_SATI",0
"574","NB_SATI","NB_ER_6MS_12MS",0
"575","LOAN_PER_BORROWER","MNT_PASS",0
"576","MNT_PASS","LOAN_PER_BORROWER",0
"577","NB_DEL_90","PRT_VAL",0
"578","PRT_VAL","NB_DEL_90",0
"579","NB_DEL_60","NB_INTR_1M",0
"580","NB_DEL_60","NB_INTR_12M",0
"581","NB_INTR_1M","NB_DEL_60",0
"582","NB_INTR_12M","NB_DEL_60",0
"583","NUM_EMPTY_STRINGS","NB_DEL_90",0
"584","NB_DEL_90","NUM_EMPTY_STRINGS",0
"585","CREDIT_UTILIZATION","NB_INTR_1M",0
"586","CREDIT_UTILIZATION","NB_INTR_12M",0
"587","NB_INTR_1M","CREDIT_UTILIZATION",0
"588","NB_INTR_12M","CREDIT_UTILIZATION",0
"589","DELTA_NB_ER_6MS_12MS","PRT_VAL",0
"590","PRT_VAL","DELTA_NB_ER_6MS_12MS",0
"591","NB_DEL_90","NB_EMPT",0
"592","NB_EMPT","NB_DEL_90",0
"593","NB_MISSING_VALUES","NB_DEL_60",0
"594","NB_DEL_60","NB_MISSING_VALUES",0
"595","TAX_RATE","DUREE",0
"596","DUREE","TAX_RATE",0
"597","NB_MISSING_VALUES","NB_DEL_90",0
"598","NB_DEL_90","NB_MISSING_VALUES",0
"599","DELTA_NB_ER_6MS_12MS","SATI_TRANSACT_RATE",0
"600","SATI_TRANSACT_RATE","DELTA_NB_ER_6MS_12MS",0
"601","NB_ER_6MS_12MS","NB_EMPT",0
"602","NB_EMPT","NB_ER_6MS_12MS",0
"603","NB_DEC_12MS","NB_EMPT",0
"604","NB_EMPT","NB_DEC_12MS",0
"605","NUM_EMPTY_STRINGS","NB_DEC_12MS",0
"606","NB_DEC_12MS","NUM_EMPTY_STRINGS",0
"607","NB_DEL_30","NB_INTR_1M",0
"608","NB_DEL_30","NB_INTR_12M",0
"609","NB_INTR_1M","NB_DEL_30",0
"610","NB_INTR_12M","NB_DEL_30",0
"611","MNT_AUT_REN","NB_DEL_30",0
"612","NB_DEL_30","MNT_AUT_REN",0
"613","SATI_TRANSACT_RATE","MNT_PASS",0
"614","MNT_PASS","SATI_TRANSACT_RATE",0
"615","NB_MISSING_VALUES","NB_DEC_12MS",0
"616","NB_DEC_12MS","NB_MISSING_VALUES",0
"617","NB_DEL_30","NB_EMPT",0
"618","NB_EMPT","NB_DEL_30",0
"619","DELTA_NB_ER_6MS_12MS","REV_BT",0
"620","REV_BT","DELTA_NB_ER_6MS_12MS",0
"621","DELTA_NB_ER_6MS_12MS","REV_NET",0
"622","REV_NET","DELTA_NB_ER_6MS_12MS",0
"623","DELTA_NB_ER_6MS_12MS","R_ATD",0
"624","R_ATD","DELTA_NB_ER_6MS_12MS",0
"625","NUM_NA","NB_INTR_1M",0
"626","NUM_NA","NB_INTR_12M",0
"627","NB_INTR_1M","NUM_NA",0
"628","NB_INTR_12M","NUM_NA",0
"629","DELTA_NB_ER_6MS_12MS","AGE_D",0
"630","AGE_D","DELTA_NB_ER_6MS_12MS",0
"631","MNT_UTIL_REN","NB_INTR_1M",0
"632","MNT_UTIL_REN","NB_INTR_12M",0
"633","NB_INTR_1M","MNT_UTIL_REN",0
"634","NB_INTR_12M","MNT_UTIL_REN",0
"635","DELTA_NB_ER_6MS_12MS","TAX",0
"636","TAX","DELTA_NB_ER_6MS_12MS",0
"637","MNT_AUT_REN","NB_ER_6MS",0
"638","NB_ER_6MS","MNT_AUT_REN",0
"639","MNT_DEMANDE","MNT_ACT",0
"640","MNT_ACT","MNT_DEMANDE",0
"641","TAX_RATE","NB_ER_12MS",0
"642","NB_ER_12MS","TAX_RATE",0
"643","TAX_RATE","NB_ER_6MS",0
"644","NB_ER_6MS","TAX_RATE",0
"645","MNT_AUT_REN","NB_DEL_60",0
"646","NB_DEL_60","MNT_AUT_REN",0
"647","NB_DEL_60","NB_EMPT",0
"648","NB_EMPT","NB_DEL_60",0
"649","DELTA_NB_ER_6MS_12MS","MNT_AUT_REN",0
"650","MNT_AUT_REN","DELTA_NB_ER_6MS_12MS",0
"651","MNT_DEMANDE","MNT_EPAR",0
"652","MNT_EPAR","MNT_DEMANDE",0
"653","MNT_DEMANDE","MNT_PASS",0
"654","MNT_PASS","MNT_DEMANDE",0
"655","NUM_NA","R_ATD",0
"656","R_ATD","NUM_NA",0
"657","MNT_DEMANDE","NB_ER_12MS",0
"658","NB_ER_12MS","MNT_DEMANDE",0
"659","NB_ER_6MS_12MS","NUM_NA",0
"660","NUM_NA","NB_ER_6MS_12MS",0
"661","MNT_AUT_REN","NB_ER_12MS",0
"662","NB_ER_12MS","MNT_AUT_REN",0
"663","TAX_RATE","MNT_UTIL_REN",0
"664","MNT_UTIL_REN","TAX_RATE",0
"665","TAX_RATE","PRT_VAL",0
"666","PRT_VAL","TAX_RATE",0
"667","NB_ER_6MS_12MS","TAX_RATE",0
"668","TAX_RATE","NB_ER_6MS_12MS",0
"669","MNT_DEMANDE","REV_NET",0
"670","REV_NET","MNT_DEMANDE",0
"671","MNT_AUT_REN","DUREE",0
"672","DUREE","MNT_AUT_REN",0
"673","TAX_RATE","NB_OPER",0
"674","NB_OPER","TAX_RATE",0
"675","PROFIT_IND","LOAN_PER_BORROWER",0
"676","LOAN_PER_BORROWER","PROFIT_IND",0
"677","NUM_NA","NB_ER_12MS",0
"678","NB_ER_12MS","NUM_NA",0
"679","NB_ER_6MS_12MS","MNT_DEMANDE",0
"680","MNT_DEMANDE","NB_ER_6MS_12MS",0
"681","MNT_DEMANDE","NB_ER_6MS",0
"682","NB_ER_6MS","MNT_DEMANDE",0
"683","SATI_TRANSACT_RATE","NUM_NA",0
"684","NUM_NA","SATI_TRANSACT_RATE",0
"685","NUM_NA","MNT_PASS",0
"686","MNT_PASS","NUM_NA",0
"687","MNT_PASS","NB_INTR_1M",0
"688","MNT_PASS","NB_INTR_12M",0
"689","NB_INTR_1M","MNT_PASS",0
"690","NB_INTR_12M","MNT_PASS",0
"691","CREDIT_UTILIZATION","TAX_RATE",0
"692","TAX_RATE","CREDIT_UTILIZATION",0
"693","PIR_DEL","NB_EMPT",0
"694","NB_EMPT","PIR_DEL",0
"695","TAX_RATE","NB_DEL_60",0
"696","NB_DEL_60","TAX_RATE",0
"697","MNT_AUT_REN","MNT_PASS",0
"698","MNT_PASS","MNT_AUT_REN",0
"699","MNT_DEMANDE","AGE_D",0
"700","AGE_D","MNT_DEMANDE",0
"701","DELTA_NB_ER_6MS_12MS","NB_EMPT",0
"702","NB_EMPT","DELTA_NB_ER_6MS_12MS",0
"703","MNT_DEMANDE","NB_EMPT",0
"704","NB_EMPT","MNT_DEMANDE",0
"705","LOAN_PER_BORROWER","NUM_NA",0
"706","NUM_NA","LOAN_PER_BORROWER",0
"707","NUM_NA","MNT_ACT",0
"708","MNT_ACT","NUM_NA",0
"709","PROFIT_IND","MNT_AUT_REN",0
"710","MNT_AUT_REN","PROFIT_IND",0
"711","NUM_NA","PRT_VAL",0
"712","PRT_VAL","NUM_NA",0
"713","TAX_RATE","MNT_AUT_REN",0
"714","MNT_AUT_REN","TAX_RATE",0
"715","TAX_RATE","NB_DEL_90",0
"716","NB_DEL_90","TAX_RATE",0
"717","TAX_RATE","NB_COUR",0
"718","NB_COUR","TAX_RATE",0
"719","NUM_NA","MNT_DEMANDE",0
"720","MNT_DEMANDE","NUM_NA",0
"721","PROFIT_IND","MNT_DEMANDE",0
"722","MNT_DEMANDE","PROFIT_IND",0
"723","MNT_DEMANDE","REV_BT",0
"724","REV_BT","MNT_DEMANDE",0
"725","TAX_RATE","NB_SATI",0
"726","NB_SATI","TAX_RATE",0
"727","TAX_RATE","PIR_DEL",0
"728","PIR_DEL","TAX_RATE",0
"729","NB_MISSING_VALUES","MNT_DEMANDE",0
"730","MNT_DEMANDE","NB_MISSING_VALUES",0
"731","NUM_NA","PROFIT_LOSS",0
"732","PROFIT_LOSS","NUM_NA",0
"733","TAX_RATE","NB_DEC_12MS",0
"734","NB_DEC_12MS","TAX_RATE",0
"735","DELTA_NB_ER_6MS_12MS","TAX_RATE",0
"736","TAX_RATE","DELTA_NB_ER_6MS_12MS",0
"737","MNT_AUT_REN","MNT_EPAR",0
"738","MNT_EPAR","MNT_AUT_REN",0
"739","NUM_NA","NB_ER_6MS",0
"740","NB_ER_6MS","NUM_NA",0
"741","MNT_AUT_REN","AGE_D",0
"742","AGE_D","MNT_AUT_REN",0
"743","MNT_AUT_REN","MNT_ACT",0
"744","MNT_ACT","MNT_AUT_REN",0
"745","NUM_EMPTY_STRINGS","MNT_DEMANDE",0
"746","MNT_DEMANDE","NUM_EMPTY_STRINGS",0
"747","DELTA_NB_ER_6MS_12MS","MNT_UTIL_REN",0
"748","MNT_UTIL_REN","DELTA_NB_ER_6MS_12MS",0
"749","TAX_RATE","NB_EMPT",0
"750","NB_EMPT","TAX_RATE",0
"751","MNT_DEMANDE","NB_COUR",0
"752","NB_COUR","MNT_DEMANDE",0
"753","NUM_NA","NB_SATI",0
"754","NB_SATI","NUM_NA",0
"755","MNT_DEMANDE","PRT_VAL",0
"756","PRT_VAL","MNT_DEMANDE",0
"757","NUM_NA","REV_NET",0
"758","REV_NET","NUM_NA",0
"759","NUM_EMPTY_STRINGS","MNT_AUT_REN",0
"760","MNT_AUT_REN","NUM_EMPTY_STRINGS",0
"761","LOAN_PER_BORROWER","MNT_AUT_REN",0
"762","MNT_AUT_REN","LOAN_PER_BORROWER",0
"763","NUM_NA","DUREE",0
"764","DUREE","NUM_NA",0
"765","NUM_NA","MNT_EPAR",0
"766","MNT_EPAR","NUM_NA",0
"767","NUM_NA","AGE_D",0
"768","AGE_D","NUM_NA",0
"769","DELTA_NB_ER_6MS_12MS","MNT_DEMANDE",0
"770","MNT_DEMANDE","DELTA_NB_ER_6MS_12MS",0
"771","PROFIT_LOSS","MNT_AUT_REN",0
"772","MNT_AUT_REN","PROFIT_LOSS",0
"773","NB_ER_6MS_12MS","MNT_AUT_REN",0
"774","MNT_AUT_REN","NB_ER_6MS_12MS",0
"775","NUM_NA","NB_DEL_60",0
"776","NB_DEL_60","NUM_NA",0
"777","PROFIT_IND","NUM_NA",0
"778","NUM_NA","PROFIT_IND",0
"779","MNT_DEMANDE","NB_SATI",0
"780","NB_SATI","MNT_DEMANDE",0
"781","SATI_TRANSACT_RATE","MNT_DEMANDE",0
"782","MNT_DEMANDE","SATI_TRANSACT_RATE",0
"783","NB_ER_6MS_12MS","LOAN_PER_BORROWER",0
"784","LOAN_PER_BORROWER","NB_ER_6MS_12MS",0
"785","TAX_RATE","MNT_PASS",0
"786","MNT_PASS","TAX_RATE",0
"787","NUM_NA","REV_BT",0
"788","REV_BT","NUM_NA",0
"789","MNT_DEMANDE","MNT_AUT_REN",0
"790","MNT_AUT_REN","MNT_DEMANDE",0
"791","MNT_DEMANDE","MNT_UTIL_REN",0
"792","MNT_UTIL_REN","MNT_DEMANDE",0
"793","MNT_AUT_REN","NB_EMPT",0
"794","NB_EMPT","MNT_AUT_REN",0
"795","SATI_TRANSACT_RATE","TAX_RATE",0
"796","TAX_RATE","SATI_TRANSACT_RATE",0
"797","MNT_AUT_REN","R_ATD",0
"798","R_ATD","MNT_AUT_REN",0
"799","NUM_NA","NB_DEL_90",0
"800","NB_DEL_90","NUM_NA",0
"801","MNT_AUT_REN","NB_DEL_90",0
"802","NB_DEL_90","MNT_AUT_REN",0
"803","NUM_NA","NB_DEC_12MS",0
"804","NB_DEC_12MS","NUM_NA",0
"805","DELTA_NB_ER_6MS_12MS","NB_INTR_1M",0
"806","DELTA_NB_ER_6MS_12MS","NB_INTR_12M",0
"807","NB_INTR_1M","DELTA_NB_ER_6MS_12MS",0
"808","NB_INTR_12M","DELTA_NB_ER_6MS_12MS",0
"809","MNT_DEMANDE","NB_OPER",0
"810","NB_OPER","MNT_DEMANDE",0
"811","NB_SATI","MNT_PASS",0
"812","MNT_PASS","NB_SATI",0
"813","NUM_NA","NB_OPER",0
"814","NB_OPER","NUM_NA",0
"815","NUM_NA","NB_DEL_30",0
"816","NB_DEL_30","NUM_NA",0
"817","MNT_AUT_REN","PRT_VAL",0
"818","PRT_VAL","MNT_AUT_REN",0
"819","MNT_DEMANDE","NB_DEL_90",0
"820","NB_DEL_90","MNT_DEMANDE",0
"821","MNT_AUT_REN","REV_NET",0
"822","REV_NET","MNT_AUT_REN",0
"823","NUM_NA","NB_COUR",0
"824","NB_COUR","NUM_NA",0
"825","MNT_PASS","NB_COUR",0
"826","NB_COUR","MNT_PASS",0
"827","CREDIT_UTILIZATION","NUM_NA",0
"828","NUM_NA","CREDIT_UTILIZATION",0
"829","CREDIT_UTILIZATION","MNT_DEMANDE",0
"830","MNT_DEMANDE","CREDIT_UTILIZATION",0
"831","MNT_AUT_REN","REV_BT",0
"832","REV_BT","MNT_AUT_REN",0
"833","MNT_DEMANDE","PIR_DEL",0
"834","PIR_DEL","MNT_DEMANDE",0
"835","DELTA_NB_ER_6MS_12MS","LOAN_PER_BORROWER",0
"836","LOAN_PER_BORROWER","DELTA_NB_ER_6MS_12MS",0
"837","MNT_DEMANDE","NB_INTR_1M",0
"838","MNT_DEMANDE","NB_INTR_12M",0
"839","NB_INTR_1M","MNT_DEMANDE",0
"840","NB_INTR_12M","MNT_DEMANDE",0
"841","TAX","MNT_AUT_REN",0
"842","MNT_AUT_REN","TAX",0
"843","LOAN_PER_BORROWER","NB_ER_12MS",0
"844","NB_ER_12MS","LOAN_PER_BORROWER",0
"845","DELTA_NB_ER_6MS_12MS","NUM_NA",0
"846","NUM_NA","DELTA_NB_ER_6MS_12MS",0
"847","NB_MISSING_VALUES","MNT_AUT_REN",0
"848","MNT_AUT_REN","NB_MISSING_VALUES",0
"849","TAX","MNT_DEMANDE",0
"850","MNT_DEMANDE","TAX",0
"851","LOAN_PER_BORROWER","PIR_DEL",0
"852","PIR_DEL","LOAN_PER_BORROWER",0
"853","TAX_RATE","NB_INTR_1M",0
"854","TAX_RATE","NB_INTR_12M",0
"855","NB_INTR_1M","TAX_RATE",0
"856","NB_INTR_12M","TAX_RATE",0
"857","MNT_DEMANDE","R_ATD",0
"858","R_ATD","MNT_DEMANDE",0
"859","TAX","NUM_NA",0
"860","NUM_NA","TAX",0
"861","NUM_NA","PIR_DEL",0
"862","PIR_DEL","NUM_NA",0
"863","MNT_AUT_REN","NB_INTR_1M",0
"864","MNT_AUT_REN","NB_INTR_12M",0
"865","NB_INTR_1M","MNT_AUT_REN",0
"866","NB_INTR_12M","MNT_AUT_REN",0
"867","MNT_DEMANDE","NB_DEL_30",0
"868","NB_DEL_30","MNT_DEMANDE",0
"869","LOAN_PER_BORROWER","NB_ER_6MS",0
"870","NB_ER_6MS","LOAN_PER_BORROWER",0
"871","NUM_NA","NB_EMPT",0
"872","NB_EMPT","NUM_NA",0
"873","TAX_RATE","NUM_NA",0
"874","NUM_NA","TAX_RATE",0
"875","MNT_DEMANDE","NB_DEC_12MS",0
"876","NB_DEC_12MS","MNT_DEMANDE",0
"877","DELTA_NB_ER_6MS_12MS","MNT_PASS",0
"878","MNT_PASS","DELTA_NB_ER_6MS_12MS",0
"879","SATI_TRANSACT_RATE","NB_COUR",0
"880","NB_COUR","SATI_TRANSACT_RATE",0
"881","PROFIT_LOSS","NB_EMPT",0
"882","NB_EMPT","PROFIT_LOSS",0
"883","MNT_AUT_REN","NB_DEC_12MS",0
"884","NB_DEC_12MS","MNT_AUT_REN",0
"885","TAX_RATE","NB_DEL_30",0
"886","NB_DEL_30","TAX_RATE",0
"887","NB_SATI","NB_DEL_30",0
"888","NB_DEL_30","NB_SATI",0
"889","DELTA_NB_ER_6MS_12MS","NB_ER_12MS",0
"890","NB_ER_12MS","DELTA_NB_ER_6MS_12MS",0
"891","MNT_DEMANDE","NB_DEL_60",0
"892","NB_DEL_60","MNT_DEMANDE",0
"893","LOAN_PER_BORROWER","NB_DEL_30",0
"894","NB_DEL_30","LOAN_PER_BORROWER",0
"895","NUM_NA","MNT_UTIL_REN",0
"896","MNT_UTIL_REN","NUM_NA",0
"897","TAX_RATE","MNT_DEMANDE",0
"898","MNT_DEMANDE","TAX_RATE",0
"899","PROFIT_IND","NB_EMPT",0
"900","NB_EMPT","PROFIT_IND",0
"901","MNT_UTIL_REN","MNT_PASS",0
"902","MNT_PASS","MNT_UTIL_REN",0
"903","MNT_PASS","NB_OPER",0
"904","NB_OPER","MNT_PASS",0
"905","NUM_NA","MNT_AUT_REN",0
"906","MNT_AUT_REN","NUM_NA",0
"907","LOAN_PER_BORROWER","NB_DEL_60",0
"908","NB_DEL_60","LOAN_PER_BORROWER",0
"909","LOAN_PER_BORROWER","NB_DEL_90",0
"910","NB_DEL_90","LOAN_PER_BORROWER",0
"911","TAX_RATE","PROFIT_LOSS",0
"912","PROFIT_LOSS","TAX_RATE",0
"913","MNT_PASS","PRT_VAL",0
"914","PRT_VAL","MNT_PASS",0
"915","PROFIT_IND","TAX_RATE",0
"916","TAX_RATE","PROFIT_IND",0
"917","LOAN_PER_BORROWER","NB_DEC_12MS",0
"918","NB_DEC_12MS","LOAN_PER_BORROWER",0
"919","LOAN_PER_BORROWER","TAX_RATE",0
"920","TAX_RATE","LOAN_PER_BORROWER",0
"921","LOAN_PER_BORROWER","PRT_VAL",0
"922","PRT_VAL","LOAN_PER_BORROWER",0
"923","DELTA_NB_ER_6MS_12MS","NUM_EMPTY_STRINGS",0
"924","NUM_EMPTY_STRINGS","DELTA_NB_ER_6MS_12MS",0
"925","MNT_DEMANDE","DUREE",0
"926","DUREE","MNT_DEMANDE",0
"927","SATI_TRANSACT_RATE","NB_OPER",0
"928","NB_OPER","SATI_TRANSACT_RATE",0
"929","DELTA_NB_ER_6MS_12MS","NB_MISSING_VALUES",0
"930","NB_MISSING_VALUES","DELTA_NB_ER_6MS_12MS",0
"931","SATI_TRANSACT_RATE","MNT_UTIL_REN",0
"932","MNT_UTIL_REN","SATI_TRANSACT_RATE",0
"933","LOAN_PER_BORROWER","NB_INTR_1M",0
"934","LOAN_PER_BORROWER","NB_INTR_12M",0
"935","NB_INTR_1M","LOAN_PER_BORROWER",0
"936","NB_INTR_12M","LOAN_PER_BORROWER",0
"937","DELTA_NB_ER_6MS_12MS","DUREE",0
"938","DUREE","DELTA_NB_ER_6MS_12MS",0
"939","DELTA_NB_ER_6MS_12MS","CREDIT_UTILIZATION",0
"940","CREDIT_UTILIZATION","DELTA_NB_ER_6MS_12MS",0
"941","TAX","NB_DEL_60",0
"942","NB_DEL_60","TAX",0
"943","TAX_RATE","MNT_ACT",0
"944","MNT_ACT","TAX_RATE",0
"945","NB_MISSING_VALUES","MNT_PASS",0
"946","MNT_PASS","NB_MISSING_VALUES",0
"947","CREDIT_UTILIZATION","MNT_PASS",0
"948","MNT_PASS","CREDIT_UTILIZATION",0
"949","NB_DEL_60","REV_NET",0
"950","REV_NET","NB_DEL_60",0
"951","NB_DEL_60","REV_BT",0
"952","REV_BT","NB_DEL_60",0
"953","TAX","NB_DEL_90",0
"954","NB_DEL_90","TAX",0
"955","MNT_PASS","PIR_DEL",0
"956","PIR_DEL","MNT_PASS",0
"957","NUM_EMPTY_STRINGS","MNT_PASS",0
"958","MNT_PASS","NUM_EMPTY_STRINGS",0
"959","MNT_PASS","NB_DEL_30",0
"960","NB_DEL_30","MNT_PASS",0
"961","TAX_RATE","MNT_EPAR",0
"962","MNT_EPAR","TAX_RATE",0
"963","NB_DEL_60","MNT_EPAR",0
"964","MNT_EPAR","NB_DEL_60",0
"965","NB_DEL_90","REV_NET",0
"966","REV_NET","NB_DEL_90",0
"967","NB_DEL_90","MNT_EPAR",0
"968","MNT_EPAR","NB_DEL_90",0
"969","NB_DEL_30","MNT_EPAR",0
"970","MNT_EPAR","NB_DEL_30",0
"971","NB_DEL_90","REV_BT",0
"972","REV_BT","NB_DEL_90",0
"973","SATI_TRANSACT_RATE","CREDIT_UTILIZATION",0
"974","CREDIT_UTILIZATION","SATI_TRANSACT_RATE",0
"975","LOAN_PER_BORROWER","NB_COUR",0
"976","NB_COUR","LOAN_PER_BORROWER",0
"977","NB_DEL_30","REV_NET",0
"978","REV_NET","NB_DEL_30",0
"979","LOAN_PER_BORROWER","MNT_UTIL_REN",0
"980","MNT_UTIL_REN","LOAN_PER_BORROWER",0
"981","TAX","NB_DEC_12MS",0
"982","NB_DEC_12MS","TAX",0
"983","TAX","NB_DEL_30",0
"984","NB_DEL_30","TAX",0
"985","MNT_PASS","DUREE",0
"986","DUREE","MNT_PASS",0
"987","NB_ER_6MS_12MS","MNT_PASS",0
"988","MNT_PASS","NB_ER_6MS_12MS",0
"989","SATI_TRANSACT_RATE","NB_DEC_12MS",0
"990","NB_DEC_12MS","SATI_TRANSACT_RATE",0
"991","SATI_TRANSACT_RATE","NB_INTR_1M",0
"992","SATI_TRANSACT_RATE","NB_INTR_12M",0
"993","NB_INTR_1M","SATI_TRANSACT_RATE",0
"994","NB_INTR_12M","SATI_TRANSACT_RATE",0
"995","NB_DEL_60","AGE_D",0
"996","AGE_D","NB_DEL_60",0
"997","NB_DEL_30","REV_BT",0
"998","REV_BT","NB_DEL_30",0
"999","SATI_TRANSACT_RATE","NB_MISSING_VALUES",0
"1000","NB_MISSING_VALUES","SATI_TRANSACT_RATE",0
"1001","NB_DEC_12MS","AGE_D",0
"1002","AGE_D","NB_DEC_12MS",0
"1003","PIR_DEL","MNT_EPAR",0
"1004","MNT_EPAR","PIR_DEL",0
"1005","MNT_PASS","NB_DEL_60",0
"1006","NB_DEL_60","MNT_PASS",0
"1007","NB_DEL_30","AGE_D",0
"1008","AGE_D","NB_DEL_30",0
"1009","TAX_RATE","AGE_D",0
"1010","AGE_D","TAX_RATE",0
"1011","NB_DEC_12MS","REV_NET",0
"1012","REV_NET","NB_DEC_12MS",0
"1013","MNT_PASS","NB_DEC_12MS",0
"1014","NB_DEC_12MS","MNT_PASS",0
"1015","NB_DEL_90","AGE_D",0
"1016","AGE_D","NB_DEL_90",0
"1017","SATI_TRANSACT_RATE","NUM_EMPTY_STRINGS",0
"1018","NUM_EMPTY_STRINGS","SATI_TRANSACT_RATE",0
"1019","NB_DEC_12MS","REV_BT",0
"1020","REV_BT","NB_DEC_12MS",0
"1021","NB_SATI","MNT_ACT",0
"1022","MNT_ACT","NB_SATI",0
"1023","LOAN_PER_BORROWER","NB_MISSING_VALUES",0
"1024","NB_MISSING_VALUES","LOAN_PER_BORROWER",0
"1025","MNT_PASS","NB_ER_6MS",0
"1026","NB_ER_6MS","MNT_PASS",0
"1027","TAX","PIR_DEL",0
"1028","PIR_DEL","TAX",0
"1029","LOAN_PER_BORROWER","NB_OPER",0
"1030","NB_OPER","LOAN_PER_BORROWER",0
"1031","LOAN_PER_BORROWER","DUREE",0
"1032","DUREE","LOAN_PER_BORROWER",0
"1033","MNT_PASS","NB_DEL_90",0
"1034","NB_DEL_90","MNT_PASS",0
"1035","PIR_DEL","AGE_D",0
"1036","AGE_D","PIR_DEL",0
"1037","MNT_ACT","NB_INTR_1M",0
"1038","MNT_ACT","NB_INTR_12M",0
"1039","NB_INTR_1M","MNT_ACT",0
"1040","NB_INTR_12M","MNT_ACT",0
"1041","PIR_DEL","REV_NET",0
"1042","REV_NET","PIR_DEL",0
"1043","LOAN_PER_BORROWER","NUM_EMPTY_STRINGS",0
"1044","NUM_EMPTY_STRINGS","LOAN_PER_BORROWER",0
"1045","MNT_PASS","NB_EMPT",0
"1046","NB_EMPT","MNT_PASS",0
"1047","MNT_PASS","NB_ER_12MS",0
"1048","NB_ER_12MS","MNT_PASS",0
"1049","PIR_DEL","REV_BT",0
"1050","REV_BT","PIR_DEL",0
"1051","TAX","NB_ER_6MS",0
"1052","NB_ER_6MS","TAX",0
"1053","PROFIT_LOSS","NB_COUR",0
"1054","NB_COUR","PROFIT_LOSS",0
"1055","TAX","MNT_UTIL_REN",0
"1056","MNT_UTIL_REN","TAX",0
"1057","SATI_TRANSACT_RATE","NB_ER_6MS",0
"1058","NB_ER_6MS","SATI_TRANSACT_RATE",0
"1059","SATI_TRANSACT_RATE","PRT_VAL",0
"1060","PRT_VAL","SATI_TRANSACT_RATE",0
"1061","MNT_UTIL_REN","REV_NET",0
"1062","REV_NET","MNT_UTIL_REN",0
"1063","MNT_PASS","R_ATD",0
"1064","R_ATD","MNT_PASS",0
"1065","NB_ER_6MS","AGE_D",0
"1066","AGE_D","NB_ER_6MS",0
"1067","MNT_UTIL_REN","REV_BT",0
"1068","REV_BT","MNT_UTIL_REN",0
"1069","PROFIT_IND","NB_COUR",0
"1070","NB_COUR","PROFIT_IND",0
"1071","NB_ER_6MS_12MS","TAX",0
"1072","TAX","NB_ER_6MS_12MS",0
"1073","PROFIT_IND","R_ATD",0
"1074","R_ATD","PROFIT_IND",0
"1075","NB_ER_6MS","REV_NET",0
"1076","REV_NET","NB_ER_6MS",0
"1077","NB_ER_6MS","REV_BT",0
"1078","REV_BT","NB_ER_6MS",0
"1079","LOAN_PER_BORROWER","CREDIT_UTILIZATION",0
"1080","CREDIT_UTILIZATION","LOAN_PER_BORROWER",0
"1081","DELTA_NB_ER_6MS_12MS","MNT_ACT",0
"1082","MNT_ACT","DELTA_NB_ER_6MS_12MS",0
"1083","MNT_UTIL_REN","MNT_ACT",0
"1084","MNT_ACT","MNT_UTIL_REN",0
"1085","MNT_UTIL_REN","MNT_EPAR",0
"1086","MNT_EPAR","MNT_UTIL_REN",0
"1087","SATI_TRANSACT_RATE","DUREE",0
"1088","DUREE","SATI_TRANSACT_RATE",0
"1089","NB_INTR_1M","MNT_EPAR",0
"1090","NB_INTR_12M","MNT_EPAR",0
"1091","MNT_EPAR","NB_INTR_1M",0
"1092","MNT_EPAR","NB_INTR_12M",0
"1093","TAX","NB_ER_12MS",0
"1094","NB_ER_12MS","TAX",0
"1095","DELTA_NB_ER_6MS_12MS","PROFIT_LOSS",0
"1096","PROFIT_LOSS","DELTA_NB_ER_6MS_12MS",0
"1097","MNT_ACT","NB_COUR",0
"1098","NB_COUR","MNT_ACT",0
"1099","NB_ER_6MS_12MS","AGE_D",0
"1100","AGE_D","NB_ER_6MS_12MS",0
"1101","NB_ER_6MS_12MS","SATI_TRANSACT_RATE",0
"1102","SATI_TRANSACT_RATE","NB_ER_6MS_12MS",0
"1103","NB_ER_6MS_12MS","REV_NET",0
"1104","REV_NET","NB_ER_6MS_12MS",0
"1105","NB_ER_6MS_12MS","REV_BT",0
"1106","REV_BT","NB_ER_6MS_12MS",0
"1107","SATI_TRANSACT_RATE","NB_ER_12MS",0
"1108","NB_ER_12MS","SATI_TRANSACT_RATE",0
"1109","PROFIT_IND","DELTA_NB_ER_6MS_12MS",0
"1110","DELTA_NB_ER_6MS_12MS","PROFIT_IND",0
"1111","PROFIT_LOSS","NB_OPER",0
"1112","NB_OPER","PROFIT_LOSS",0
"1113","NB_ER_12MS","AGE_D",0
"1114","AGE_D","NB_ER_12MS",0
"1115","MNT_ACT","PIR_DEL",0
"1116","PIR_DEL","MNT_ACT",0
"1117","NB_SATI","NB_EMPT",0
"1118","NB_EMPT","NB_SATI",0
"1119","NB_ER_12MS","REV_NET",0
"1120","REV_NET","NB_ER_12MS",0
"1121","NB_ER_12MS","REV_BT",0
"1122","REV_BT","NB_ER_12MS",0
"1123","TAX_RATE","REV_BT",0
"1124","REV_BT","TAX_RATE",0
"1125","CREDIT_UTILIZATION","TAX",0
"1126","TAX","CREDIT_UTILIZATION",0
"1127","PROFIT_LOSS","NB_INTR_1M",0
"1128","PROFIT_LOSS","NB_INTR_12M",0
"1129","NB_INTR_1M","PROFIT_LOSS",0
"1130","NB_INTR_12M","PROFIT_LOSS",0
"1131","PROFIT_IND","NB_OPER",0
"1132","NB_OPER","PROFIT_IND",0
"1133","MNT_UTIL_REN","AGE_D",0
"1134","AGE_D","MNT_UTIL_REN",0
"1135","TAX","NB_INTR_1M",0
"1136","TAX","NB_INTR_12M",0
"1137","NB_INTR_1M","TAX",0
"1138","NB_INTR_12M","TAX",0
"1139","MNT_ACT","NB_OPER",0
"1140","NB_OPER","MNT_ACT",0
"1141","PROFIT_IND","NB_INTR_1M",0
"1142","PROFIT_IND","NB_INTR_12M",0
"1143","NB_INTR_1M","PROFIT_IND",0
"1144","NB_INTR_12M","PROFIT_IND",0
"1145","NB_SATI","MNT_EPAR",0
"1146","MNT_EPAR","NB_SATI",0
"1147","PROFIT_LOSS","R_ATD",0
"1148","R_ATD","PROFIT_LOSS",0
"1149","SATI_TRANSACT_RATE","R_ATD",0
"1150","R_ATD","SATI_TRANSACT_RATE",0
"1151","SATI_TRANSACT_RATE","NB_DEL_60",0
"1152","NB_DEL_60","SATI_TRANSACT_RATE",0
"1153","CREDIT_UTILIZATION","REV_NET",0
"1154","REV_NET","CREDIT_UTILIZATION",0
"1155","MNT_ACT","NB_DEL_30",0
"1156","NB_DEL_30","MNT_ACT",0
"1157","CREDIT_UTILIZATION","REV_BT",0
"1158","REV_BT","CREDIT_UTILIZATION",0
"1159","NB_INTR_1M","REV_NET",0
"1160","NB_INTR_12M","REV_NET",0
"1161","REV_NET","NB_INTR_1M",0
"1162","REV_NET","NB_INTR_12M",0
"1163","CREDIT_UTILIZATION","MNT_ACT",0
"1164","MNT_ACT","CREDIT_UTILIZATION",0
"1165","NB_INTR_1M","REV_BT",0
"1166","NB_INTR_12M","REV_BT",0
"1167","REV_BT","NB_INTR_1M",0
"1168","REV_BT","NB_INTR_12M",0
"1169","SATI_TRANSACT_RATE","NB_DEL_90",0
"1170","NB_DEL_90","SATI_TRANSACT_RATE",0
"1171","NB_INTR_1M","AGE_D",0
"1172","NB_INTR_12M","AGE_D",0
"1173","AGE_D","NB_INTR_1M",0
"1174","AGE_D","NB_INTR_12M",0
"1175","CREDIT_UTILIZATION","MNT_EPAR",0
"1176","MNT_EPAR","CREDIT_UTILIZATION",0
"1177","MNT_ACT","PRT_VAL",0
"1178","PRT_VAL","MNT_ACT",0
"1179","MNT_ACT","NB_DEL_60",0
"1180","NB_DEL_60","MNT_ACT",0
"1181","NB_MISSING_VALUES","MNT_ACT",0
"1182","MNT_ACT","NB_MISSING_VALUES",0
"1183","LOAN_PER_BORROWER","R_ATD",0
"1184","R_ATD","LOAN_PER_BORROWER",0
"1185","NB_COUR","MNT_EPAR",0
"1186","MNT_EPAR","NB_COUR",0
"1187","NB_MISSING_VALUES","PROFIT_LOSS",0
"1188","PROFIT_LOSS","NB_MISSING_VALUES",0
"1189","PROFIT_LOSS","MNT_UTIL_REN",0
"1190","MNT_UTIL_REN","PROFIT_LOSS",0
"1191","NUM_EMPTY_STRINGS","MNT_ACT",0
"1192","MNT_ACT","NUM_EMPTY_STRINGS",0
"1193","NUM_EMPTY_STRINGS","PROFIT_LOSS",0
"1194","PROFIT_LOSS","NUM_EMPTY_STRINGS",0
"1195","MNT_ACT","NB_DEL_90",0
"1196","NB_DEL_90","MNT_ACT",0
"1197","PROFIT_IND","MNT_UTIL_REN",0
"1198","MNT_UTIL_REN","PROFIT_IND",0
"1199","PROFIT_IND","NB_MISSING_VALUES",0
"1200","NB_MISSING_VALUES","PROFIT_IND",0
"1201","NB_ER_6MS_12MS","MNT_ACT",0
"1202","MNT_ACT","NB_ER_6MS_12MS",0
"1203","NB_OPER","MNT_EPAR",0
"1204","MNT_EPAR","NB_OPER",0
"1205","TAX","NB_COUR",0
"1206","NB_COUR","TAX",0
"1207","PROFIT_IND","NUM_EMPTY_STRINGS",0
"1208","NUM_EMPTY_STRINGS","PROFIT_IND",0
"1209","SATI_TRANSACT_RATE","PIR_DEL",0
"1210","PIR_DEL","SATI_TRANSACT_RATE",0
"1211","SATI_TRANSACT_RATE","NB_DEL_30",0
"1212","NB_DEL_30","SATI_TRANSACT_RATE",0
"1213","NB_COUR","REV_NET",0
"1214","REV_NET","NB_COUR",0
"1215","DELTA_NB_ER_6MS_12MS","MNT_EPAR",0
"1216","MNT_EPAR","DELTA_NB_ER_6MS_12MS",0
"1217","NUM_EMPTY_STRINGS","NUM_NA",0
"1218","NUM_NA","NUM_EMPTY_STRINGS",0
"1219","NB_COUR","REV_BT",0
"1220","REV_BT","NB_COUR",0
"1221","PROFIT_LOSS","NB_DEL_30",0
"1222","NB_DEL_30","PROFIT_LOSS",0
"1223","CREDIT_UTILIZATION","AGE_D",0
"1224","AGE_D","CREDIT_UTILIZATION",0
"1225","TAX","NB_SATI",-0.1
"1226","NB_SATI","TAX",-0.1
"1227","NB_MISSING_VALUES","MNT_EPAR",-0.1
"1228","MNT_EPAR","NB_MISSING_VALUES",-0.1
"1229","MNT_ACT","NB_ER_6MS",-0.1
"1230","NB_ER_6MS","MNT_ACT",-0.1
"1231","NUM_EMPTY_STRINGS","MNT_EPAR",-0.1
"1232","MNT_EPAR","NUM_EMPTY_STRINGS",-0.1
"1233","MNT_ACT","DUREE",-0.1
"1234","DUREE","MNT_ACT",-0.1
"1235","PROFIT_LOSS","NB_DEC_12MS",-0.1
"1236","NB_DEC_12MS","PROFIT_LOSS",-0.1
"1237","MNT_ACT","NB_ER_12MS",-0.1
"1238","NB_ER_12MS","MNT_ACT",-0.1
"1239","PROFIT_IND","NB_DEL_30",-0.1
"1240","NB_DEL_30","PROFIT_IND",-0.1
"1241","NB_SATI","REV_NET",-0.1
"1242","REV_NET","NB_SATI",-0.1
"1243","NB_ER_6MS_12MS","PROFIT_LOSS",-0.1
"1244","PROFIT_LOSS","NB_ER_6MS_12MS",-0.1
"1245","PROFIT_IND","PRT_VAL",-0.1
"1246","PRT_VAL","PROFIT_IND",-0.1
"1247","NB_SATI","REV_BT",-0.1
"1248","REV_BT","NB_SATI",-0.1
"1249","CREDIT_UTILIZATION","PROFIT_LOSS",-0.1
"1250","PROFIT_LOSS","CREDIT_UTILIZATION",-0.1
"1251","PROFIT_LOSS","PRT_VAL",-0.1
"1252","PRT_VAL","PROFIT_LOSS",-0.1
"1253","NB_ER_6MS_12MS","MNT_EPAR",-0.1
"1254","MNT_EPAR","NB_ER_6MS_12MS",-0.1
"1255","MNT_ACT","NB_DEC_12MS",-0.1
"1256","NB_DEC_12MS","MNT_ACT",-0.1
"1257","MNT_EPAR","PRT_VAL",-0.1
"1258","PRT_VAL","MNT_EPAR",-0.1
"1259","PROFIT_LOSS","NB_DEL_60",-0.1
"1260","NB_DEL_60","PROFIT_LOSS",-0.1
"1261","PROFIT_IND","NB_DEC_12MS",-0.1
"1262","NB_DEC_12MS","PROFIT_IND",-0.1
"1263","TAX","PRT_VAL",-0.1
"1264","PRT_VAL","TAX",-0.1
"1265","SATI_TRANSACT_RATE","NB_EMPT",-0.1
"1266","NB_EMPT","SATI_TRANSACT_RATE",-0.1
"1267","TAX","NB_OPER",-0.1
"1268","NB_OPER","TAX",-0.1
"1269","TAX","NB_EMPT",-0.1
"1270","NB_EMPT","TAX",-0.1
"1271","MNT_ACT","NB_EMPT",-0.1
"1272","NB_EMPT","MNT_ACT",-0.1
"1273","PROFIT_IND","NB_ER_6MS_12MS",-0.1
"1274","NB_ER_6MS_12MS","PROFIT_IND",-0.1
"1275","PROFIT_IND","DUREE",-0.1
"1276","DUREE","PROFIT_IND",-0.1
"1277","PROFIT_IND","CREDIT_UTILIZATION",-0.1
"1278","CREDIT_UTILIZATION","PROFIT_IND",-0.1
"1279","MNT_ACT","R_ATD",-0.1
"1280","R_ATD","MNT_ACT",-0.1
"1281","PROFIT_IND","NB_DEL_60",-0.1
"1282","NB_DEL_60","PROFIT_IND",-0.1
"1283","PROFIT_LOSS","DUREE",-0.1
"1284","DUREE","PROFIT_LOSS",-0.1
"1285","REV_NET","PRT_VAL",-0.1
"1286","PRT_VAL","REV_NET",-0.1
"1287","PROFIT_LOSS","NB_ER_6MS",-0.1
"1288","NB_ER_6MS","PROFIT_LOSS",-0.1
"1289","REV_BT","PRT_VAL",-0.1
"1290","PRT_VAL","REV_BT",-0.1
"1291","NB_OPER","REV_NET",-0.1
"1292","REV_NET","NB_OPER",-0.1
"1293","REV_NET","NB_EMPT",-0.1
"1294","NB_EMPT","REV_NET",-0.1
"1295","MNT_EPAR","R_ATD",-0.1
"1296","R_ATD","MNT_EPAR",-0.1
"1297","NB_OPER","REV_BT",-0.1
"1298","REV_BT","NB_OPER",-0.1
"1299","PROFIT_LOSS","NB_DEL_90",-0.1
"1300","NB_DEL_90","PROFIT_LOSS",-0.1
"1301","REV_BT","NB_EMPT",-0.1
"1302","NB_EMPT","REV_BT",-0.1
"1303","PROFIT_LOSS","PIR_DEL",-0.1
"1304","PIR_DEL","PROFIT_LOSS",-0.1
"1305","PROFIT_LOSS","NB_ER_12MS",-0.1
"1306","NB_ER_12MS","PROFIT_LOSS",-0.1
"1307","PROFIT_IND","NB_ER_6MS",-0.1
"1308","NB_ER_6MS","PROFIT_IND",-0.1
"1309","TAX","DUREE",-0.1
"1310","DUREE","TAX",-0.1
"1311","AGE_D","PRT_VAL",-0.1
"1312","PRT_VAL","AGE_D",-0.1
"1313","PROFIT_IND","NB_DEL_90",-0.1
"1314","NB_DEL_90","PROFIT_IND",-0.1
"1315","AGE_D","DUREE",-0.1
"1316","DUREE","AGE_D",-0.1
"1317","PROFIT_IND","NB_ER_12MS",-0.1
"1318","NB_ER_12MS","PROFIT_IND",-0.1
"1319","PROFIT_IND","PIR_DEL",-0.1
"1320","PIR_DEL","PROFIT_IND",-0.1
"1321","REV_NET","DUREE",-0.1
"1322","DUREE","REV_NET",-0.1
"1323","MNT_EPAR","NB_EMPT",-0.1
"1324","NB_EMPT","MNT_EPAR",-0.1
"1325","NB_ER_12MS","MNT_EPAR",-0.1
"1326","MNT_EPAR","NB_ER_12MS",-0.1
"1327","NB_ER_6MS","MNT_EPAR",-0.1
"1328","MNT_EPAR","NB_ER_6MS",-0.1
"1329","REV_BT","DUREE",-0.1
"1330","DUREE","REV_BT",-0.1
"1331","NB_COUR","AGE_D",-0.1
"1332","AGE_D","NB_COUR",-0.1
"1333","TAX","NB_MISSING_VALUES",-0.1
"1334","NB_MISSING_VALUES","TAX",-0.1
"1335","MNT_EPAR","DUREE",-0.1
"1336","DUREE","MNT_EPAR",-0.1
"1337","TAX","NUM_EMPTY_STRINGS",-0.2
"1338","NUM_EMPTY_STRINGS","TAX",-0.2
"1339","AGE_D","R_ATD",-0.2
"1340","R_ATD","AGE_D",-0.2
"1341","AGE_D","NB_EMPT",-0.2
"1342","NB_EMPT","AGE_D",-0.2
"1343","NB_DEC_12MS","MNT_EPAR",-0.2
"1344","MNT_EPAR","NB_DEC_12MS",-0.2
"1345","NB_MISSING_VALUES","REV_NET",-0.2
"1346","REV_NET","NB_MISSING_VALUES",-0.2
"1347","NB_MISSING_VALUES","REV_BT",-0.2
"1348","REV_BT","NB_MISSING_VALUES",-0.2
"1349","NB_SATI","AGE_D",-0.2
"1350","AGE_D","NB_SATI",-0.2
"1351","NUM_EMPTY_STRINGS","REV_NET",-0.2
"1352","REV_NET","NUM_EMPTY_STRINGS",-0.2
"1353","NUM_EMPTY_STRINGS","REV_BT",-0.2
"1354","REV_BT","NUM_EMPTY_STRINGS",-0.2
"1355","TAX","R_ATD",-0.2
"1356","R_ATD","TAX",-0.2
"1357","NB_MISSING_VALUES","AGE_D",-0.2
"1358","AGE_D","NB_MISSING_VALUES",-0.2
"1359","NB_OPER","AGE_D",-0.2
"1360","AGE_D","NB_OPER",-0.2
"1361","TAX_RATE","REV_NET",-0.2
"1362","REV_NET","TAX_RATE",-0.2
"1363","NUM_EMPTY_STRINGS","AGE_D",-0.2
"1364","AGE_D","NUM_EMPTY_STRINGS",-0.2
"1365","REV_NET","R_ATD",-0.2
"1366","R_ATD","REV_NET",-0.2
"1367","REV_BT","R_ATD",-0.3
"1368","R_ATD","REV_BT",-0.3
"1369","LOAN_PER_BORROWER","NB_EMPT",-0.4
"1370","NB_EMPT","LOAN_PER_BORROWER",-0.4
"1371","DELTA_NB_ER_6MS_12MS","NB_ER_6MS_12MS",-0.6
"1372","NB_ER_6MS_12MS","DELTA_NB_ER_6MS_12MS",-0.6
"1373","DEBT_ASSET_RATIO","NB_EMPT",NA
"1374","DEBT_SAVINGS_RATIO","NB_EMPT",NA
"1375","LTV_RATIO","NB_EMPT",NA
"1376","DEBT_ASSET_RATIO","R_ATD",NA
"1377","DEBT_SAVINGS_RATIO","R_ATD",NA
"1378","LTV_RATIO","R_ATD",NA
"1379","DEBT_ASSET_RATIO","DUREE",NA
"1380","DEBT_SAVINGS_RATIO","DUREE",NA
"1381","LTV_RATIO","DUREE",NA
"1382","DEBT_ASSET_RATIO","PRT_VAL",NA
"1383","DEBT_SAVINGS_RATIO","PRT_VAL",NA
"1384","LTV_RATIO","PRT_VAL",NA
"1385","DEBT_ASSET_RATIO","AGE_D",NA
"1386","DEBT_SAVINGS_RATIO","AGE_D",NA
"1387","LTV_RATIO","AGE_D",NA
"1388","DEBT_ASSET_RATIO","REV_BT",NA
"1389","DEBT_SAVINGS_RATIO","REV_BT",NA
"1390","LTV_RATIO","REV_BT",NA
"1391","DEBT_ASSET_RATIO","REV_NET",NA
"1392","DEBT_SAVINGS_RATIO","REV_NET",NA
"1393","LTV_RATIO","REV_NET",NA
"1394","DEBT_ASSET_RATIO","MNT_EPAR",NA
"1395","DEBT_SAVINGS_RATIO","MNT_EPAR",NA
"1396","LTV_RATIO","MNT_EPAR",NA
"1397","DEBT_ASSET_RATIO","NB_ER_6MS",NA
"1398","DEBT_SAVINGS_RATIO","NB_ER_6MS",NA
"1399","LTV_RATIO","NB_ER_6MS",NA
"1400","DEBT_ASSET_RATIO","NB_ER_12MS",NA
"1401","DEBT_SAVINGS_RATIO","NB_ER_12MS",NA
"1402","LTV_RATIO","NB_ER_12MS",NA
"1403","DEBT_ASSET_RATIO","NB_DEC_12MS",NA
"1404","DEBT_SAVINGS_RATIO","NB_DEC_12MS",NA
"1405","LTV_RATIO","NB_DEC_12MS",NA
"1406","DEBT_ASSET_RATIO","NB_OPER",NA
"1407","DEBT_SAVINGS_RATIO","NB_OPER",NA
"1408","LTV_RATIO","NB_OPER",NA
"1409","DEBT_ASSET_RATIO","NB_COUR",NA
"1410","DEBT_SAVINGS_RATIO","NB_COUR",NA
"1411","LTV_RATIO","NB_COUR",NA
"1412","DEBT_ASSET_RATIO","NB_INTR_1M",NA
"1413","DEBT_SAVINGS_RATIO","NB_INTR_1M",NA
"1414","LTV_RATIO","NB_INTR_1M",NA
"1415","DEBT_ASSET_RATIO","NB_INTR_12M",NA
"1416","DEBT_SAVINGS_RATIO","NB_INTR_12M",NA
"1417","LTV_RATIO","NB_INTR_12M",NA
"1418","DEBT_ASSET_RATIO","PIR_DEL",NA
"1419","DEBT_SAVINGS_RATIO","PIR_DEL",NA
"1420","LTV_RATIO","PIR_DEL",NA
"1421","DEBT_ASSET_RATIO","NB_DEL_30",NA
"1422","DEBT_SAVINGS_RATIO","NB_DEL_30",NA
"1423","LTV_RATIO","NB_DEL_30",NA
"1424","DEBT_ASSET_RATIO","NB_DEL_60",NA
"1425","DEBT_SAVINGS_RATIO","NB_DEL_60",NA
"1426","LTV_RATIO","NB_DEL_60",NA
"1427","DEBT_ASSET_RATIO","NB_DEL_90",NA
"1428","DEBT_SAVINGS_RATIO","NB_DEL_90",NA
"1429","LTV_RATIO","NB_DEL_90",NA
"1430","DEBT_ASSET_RATIO","MNT_PASS",NA
"1431","DEBT_SAVINGS_RATIO","MNT_PASS",NA
"1432","LTV_RATIO","MNT_PASS",NA
"1433","DEBT_ASSET_RATIO","MNT_ACT",NA
"1434","DEBT_SAVINGS_RATIO","MNT_ACT",NA
"1435","LTV_RATIO","MNT_ACT",NA
"1436","DEBT_ASSET_RATIO","MNT_AUT_REN",NA
"1437","DEBT_SAVINGS_RATIO","MNT_AUT_REN",NA
"1438","LTV_RATIO","MNT_AUT_REN",NA
"1439","DEBT_ASSET_RATIO","MNT_UTIL_REN",NA
"1440","DEBT_SAVINGS_RATIO","MNT_UTIL_REN",NA
"1441","LTV_RATIO","MNT_UTIL_REN",NA
"1442","DEBT_ASSET_RATIO","NB_SATI",NA
"1443","DEBT_SAVINGS_RATIO","NB_SATI",NA
"1444","LTV_RATIO","NB_SATI",NA
"1445","DEBT_ASSET_RATIO","MNT_DEMANDE",NA
"1446","DEBT_SAVINGS_RATIO","MNT_DEMANDE",NA
"1447","LTV_RATIO","MNT_DEMANDE",NA
"1448","DEBT_ASSET_RATIO","PROFIT_LOSS",NA
"1449","DEBT_SAVINGS_RATIO","PROFIT_LOSS",NA
"1450","LTV_RATIO","PROFIT_LOSS",NA
"1451","DEBT_ASSET_RATIO","NUM_NA",NA
"1452","DEBT_SAVINGS_RATIO","NUM_NA",NA
"1453","LTV_RATIO","NUM_NA",NA
"1454","DEBT_ASSET_RATIO","NUM_EMPTY_STRINGS",NA
"1455","DEBT_SAVINGS_RATIO","NUM_EMPTY_STRINGS",NA
"1456","LTV_RATIO","NUM_EMPTY_STRINGS",NA
"1457","DEBT_ASSET_RATIO","NB_MISSING_VALUES",NA
"1458","DEBT_SAVINGS_RATIO","NB_MISSING_VALUES",NA
"1459","LTV_RATIO","NB_MISSING_VALUES",NA
"1460","DEBT_ASSET_RATIO","TAX",NA
"1461","DEBT_SAVINGS_RATIO","TAX",NA
"1462","LTV_RATIO","TAX",NA
"1463","DEBT_ASSET_RATIO","TAX_RATE",NA
"1464","DEBT_SAVINGS_RATIO","TAX_RATE",NA
"1465","LTV_RATIO","TAX_RATE",NA
"1466","NB_EMPT","DEBT_ASSET_RATIO",NA
"1467","R_ATD","DEBT_ASSET_RATIO",NA
"1468","DUREE","DEBT_ASSET_RATIO",NA
"1469","PRT_VAL","DEBT_ASSET_RATIO",NA
"1470","AGE_D","DEBT_ASSET_RATIO",NA
"1471","REV_BT","DEBT_ASSET_RATIO",NA
"1472","REV_NET","DEBT_ASSET_RATIO",NA
"1473","MNT_EPAR","DEBT_ASSET_RATIO",NA
"1474","NB_ER_6MS","DEBT_ASSET_RATIO",NA
"1475","NB_ER_12MS","DEBT_ASSET_RATIO",NA
"1476","NB_DEC_12MS","DEBT_ASSET_RATIO",NA
"1477","NB_OPER","DEBT_ASSET_RATIO",NA
"1478","NB_COUR","DEBT_ASSET_RATIO",NA
"1479","NB_INTR_1M","DEBT_ASSET_RATIO",NA
"1480","NB_INTR_12M","DEBT_ASSET_RATIO",NA
"1481","PIR_DEL","DEBT_ASSET_RATIO",NA
"1482","NB_DEL_30","DEBT_ASSET_RATIO",NA
"1483","NB_DEL_60","DEBT_ASSET_RATIO",NA
"1484","NB_DEL_90","DEBT_ASSET_RATIO",NA
"1485","MNT_PASS","DEBT_ASSET_RATIO",NA
"1486","MNT_ACT","DEBT_ASSET_RATIO",NA
"1487","MNT_AUT_REN","DEBT_ASSET_RATIO",NA
"1488","MNT_UTIL_REN","DEBT_ASSET_RATIO",NA
"1489","NB_SATI","DEBT_ASSET_RATIO",NA
"1490","MNT_DEMANDE","DEBT_ASSET_RATIO",NA
"1491","PROFIT_LOSS","DEBT_ASSET_RATIO",NA
"1492","NUM_NA","DEBT_ASSET_RATIO",NA
"1493","NUM_EMPTY_STRINGS","DEBT_ASSET_RATIO",NA
"1494","NB_MISSING_VALUES","DEBT_ASSET_RATIO",NA
"1495","TAX","DEBT_ASSET_RATIO",NA
"1496","TAX_RATE","DEBT_ASSET_RATIO",NA
"1497","DEBT_SAVINGS_RATIO","DEBT_ASSET_RATIO",NA
"1498","CREDIT_UTILIZATION","DEBT_ASSET_RATIO",NA
"1499","LOAN_PER_BORROWER","DEBT_ASSET_RATIO",NA
"1500","LTV_RATIO","DEBT_ASSET_RATIO",NA
"1501","SATI_TRANSACT_RATE","DEBT_ASSET_RATIO",NA
"1502","NB_ER_6MS_12MS","DEBT_ASSET_RATIO",NA
"1503","DELTA_NB_ER_6MS_12MS","DEBT_ASSET_RATIO",NA
"1504","PROFIT_IND","DEBT_ASSET_RATIO",NA
"1505","NB_EMPT","DEBT_SAVINGS_RATIO",NA
"1506","R_ATD","DEBT_SAVINGS_RATIO",NA
"1507","DUREE","DEBT_SAVINGS_RATIO",NA
"1508","PRT_VAL","DEBT_SAVINGS_RATIO",NA
"1509","AGE_D","DEBT_SAVINGS_RATIO",NA
"1510","REV_BT","DEBT_SAVINGS_RATIO",NA
"1511","REV_NET","DEBT_SAVINGS_RATIO",NA
"1512","MNT_EPAR","DEBT_SAVINGS_RATIO",NA
"1513","NB_ER_6MS","DEBT_SAVINGS_RATIO",NA
"1514","NB_ER_12MS","DEBT_SAVINGS_RATIO",NA
"1515","NB_DEC_12MS","DEBT_SAVINGS_RATIO",NA
"1516","NB_OPER","DEBT_SAVINGS_RATIO",NA
"1517","NB_COUR","DEBT_SAVINGS_RATIO",NA
"1518","NB_INTR_1M","DEBT_SAVINGS_RATIO",NA
"1519","NB_INTR_12M","DEBT_SAVINGS_RATIO",NA
"1520","PIR_DEL","DEBT_SAVINGS_RATIO",NA
"1521","NB_DEL_30","DEBT_SAVINGS_RATIO",NA
"1522","NB_DEL_60","DEBT_SAVINGS_RATIO",NA
"1523","NB_DEL_90","DEBT_SAVINGS_RATIO",NA
"1524","MNT_PASS","DEBT_SAVINGS_RATIO",NA
"1525","MNT_ACT","DEBT_SAVINGS_RATIO",NA
"1526","MNT_AUT_REN","DEBT_SAVINGS_RATIO",NA
"1527","MNT_UTIL_REN","DEBT_SAVINGS_RATIO",NA
"1528","NB_SATI","DEBT_SAVINGS_RATIO",NA
"1529","MNT_DEMANDE","DEBT_SAVINGS_RATIO",NA
"1530","PROFIT_LOSS","DEBT_SAVINGS_RATIO",NA
"1531","NUM_NA","DEBT_SAVINGS_RATIO",NA
"1532","NUM_EMPTY_STRINGS","DEBT_SAVINGS_RATIO",NA
"1533","NB_MISSING_VALUES","DEBT_SAVINGS_RATIO",NA
"1534","TAX","DEBT_SAVINGS_RATIO",NA
"1535","TAX_RATE","DEBT_SAVINGS_RATIO",NA
"1536","DEBT_ASSET_RATIO","DEBT_SAVINGS_RATIO",NA
"1537","CREDIT_UTILIZATION","DEBT_SAVINGS_RATIO",NA
"1538","LOAN_PER_BORROWER","DEBT_SAVINGS_RATIO",NA
"1539","LTV_RATIO","DEBT_SAVINGS_RATIO",NA
"1540","SATI_TRANSACT_RATE","DEBT_SAVINGS_RATIO",NA
"1541","NB_ER_6MS_12MS","DEBT_SAVINGS_RATIO",NA
"1542","DELTA_NB_ER_6MS_12MS","DEBT_SAVINGS_RATIO",NA
"1543","PROFIT_IND","DEBT_SAVINGS_RATIO",NA
"1544","DEBT_ASSET_RATIO","CREDIT_UTILIZATION",NA
"1545","DEBT_SAVINGS_RATIO","CREDIT_UTILIZATION",NA
"1546","LTV_RATIO","CREDIT_UTILIZATION",NA
"1547","DEBT_ASSET_RATIO","LOAN_PER_BORROWER",NA
"1548","DEBT_SAVINGS_RATIO","LOAN_PER_BORROWER",NA
"1549","LTV_RATIO","LOAN_PER_BORROWER",NA
"1550","NB_EMPT","LTV_RATIO",NA
"1551","R_ATD","LTV_RATIO",NA
"1552","DUREE","LTV_RATIO",NA
"1553","PRT_VAL","LTV_RATIO",NA
"1554","AGE_D","LTV_RATIO",NA
"1555","REV_BT","LTV_RATIO",NA
"1556","REV_NET","LTV_RATIO",NA
"1557","MNT_EPAR","LTV_RATIO",NA
"1558","NB_ER_6MS","LTV_RATIO",NA
"1559","NB_ER_12MS","LTV_RATIO",NA
"1560","NB_DEC_12MS","LTV_RATIO",NA
"1561","NB_OPER","LTV_RATIO",NA
"1562","NB_COUR","LTV_RATIO",NA
"1563","NB_INTR_1M","LTV_RATIO",NA
"1564","NB_INTR_12M","LTV_RATIO",NA
"1565","PIR_DEL","LTV_RATIO",NA
"1566","NB_DEL_30","LTV_RATIO",NA
"1567","NB_DEL_60","LTV_RATIO",NA
"1568","NB_DEL_90","LTV_RATIO",NA
"1569","MNT_PASS","LTV_RATIO",NA
"1570","MNT_ACT","LTV_RATIO",NA
"1571","MNT_AUT_REN","LTV_RATIO",NA
"1572","MNT_UTIL_REN","LTV_RATIO",NA
"1573","NB_SATI","LTV_RATIO",NA
"1574","MNT_DEMANDE","LTV_RATIO",NA
"1575","PROFIT_LOSS","LTV_RATIO",NA
"1576","NUM_NA","LTV_RATIO",NA
"1577","NUM_EMPTY_STRINGS","LTV_RATIO",NA
"1578","NB_MISSING_VALUES","LTV_RATIO",NA
"1579","TAX","LTV_RATIO",NA
"1580","TAX_RATE","LTV_RATIO",NA
"1581","DEBT_ASSET_RATIO","LTV_RATIO",NA
"1582","DEBT_SAVINGS_RATIO","LTV_RATIO",NA
"1583","CREDIT_UTILIZATION","LTV_RATIO",NA
"1584","LOAN_PER_BORROWER","LTV_RATIO",NA
"1585","SATI_TRANSACT_RATE","LTV_RATIO",NA
"1586","NB_ER_6MS_12MS","LTV_RATIO",NA
"1587","DELTA_NB_ER_6MS_12MS","LTV_RATIO",NA
"1588","PROFIT_IND","LTV_RATIO",NA
"1589","DEBT_ASSET_RATIO","SATI_TRANSACT_RATE",NA
"1590","DEBT_SAVINGS_RATIO","SATI_TRANSACT_RATE",NA
"1591","LTV_RATIO","SATI_TRANSACT_RATE",NA
"1592","DEBT_ASSET_RATIO","NB_ER_6MS_12MS",NA
"1593","DEBT_SAVINGS_RATIO","NB_ER_6MS_12MS",NA
"1594","LTV_RATIO","NB_ER_6MS_12MS",NA
"1595","DEBT_ASSET_RATIO","DELTA_NB_ER_6MS_12MS",NA
"1596","DEBT_SAVINGS_RATIO","DELTA_NB_ER_6MS_12MS",NA
"1597","LTV_RATIO","DELTA_NB_ER_6MS_12MS",NA
"1598","DEBT_ASSET_RATIO","PROFIT_IND",NA
"1599","DEBT_SAVINGS_RATIO","PROFIT_IND",NA
"1600","LTV_RATIO","PROFIT_IND",NA
